Tedi;1
MacroCenter;1
A101;1
Bizim;1
Metro;1
Metro;2
MacroCenter;2
Bizim;2
Bim;2
Sok;2
MacroCenter;3
Bim;3
Metro;3
A101;3
Migros;3
Metro;4
Bim;4
Carrefour;4
A101;4
Tedi;4
A101;5
Bizim;5
MacroCenter;5
Tesco;5
Migros;5
Carrefour;6
Metro;6
MacroCenter;6
A101;6
Bim;6
MacroCenter;7
A101;7
Bizim;7
Tesco;7
Sok;7
Tedi;8
Metro;8
Tesco;8
Bizim;8
A101;8
Bim;9
MacroCenter;9
Metro;9
Tesco;9
Carrefour;9
A101;10
Tedi;10
Sok;10
MacroCenter;10
Bim;10
Sok;11
A101;11
Carrefour;11
Tedi;11
Migros;11
Carrefour;12
Tesco;12
Tedi;12
Bim;12
Sok;12
Carrefour;13
Tedi;13
Bizim;13
Bim;13
Sok;13
Bizim;14
Migros;14
MacroCenter;14
Metro;14
Sok;14
A101;15
Bim;15
Migros;15
Bizim;15
Metro;15
Migros;16
Metro;16
A101;16
Tesco;16
Bizim;16
Metro;17
Migros;17
Tedi;17
MacroCenter;17
Carrefour;17
Bim;18
Carrefour;18
MacroCenter;18
Metro;18
A101;18
MacroCenter;19
Migros;19
Metro;19
Tedi;19
Sok;19
Bizim;20
Carrefour;20
Sok;20
Tedi;20
Metro;20
A101;21
Sok;21
Migros;21
MacroCenter;21
Tedi;21
Migros;22
Bim;22
Sok;22
Tedi;22
MacroCenter;22
Metro;23
A101;23
Tesco;23
Sok;23
MacroCenter;23
MacroCenter;24
A101;24
Migros;24
Tesco;24
Bizim;24
Bizim;25
MacroCenter;25
Metro;25
Sok;25
Bim;25
Migros;26
Metro;26
Sok;26
A101;26
Carrefour;26
Sok;27
Carrefour;27
MacroCenter;27
Tesco;27
Bizim;27
Carrefour;28
Sok;28
Tedi;28
MacroCenter;28
Metro;28
MacroCenter;29
Metro;29
Tedi;29
A101;29
Carrefour;29
Bizim;30
Sok;30
A101;30
Bim;30
Tesco;30
Carrefour;31
Bim;31
Migros;31
Bizim;31
A101;31
Bizim;32
Carrefour;32
Migros;32
Sok;32
Bim;32
Tedi;33
MacroCenter;33
Bim;33
Bizim;33
Tesco;33
MacroCenter;34
Bizim;34
Tesco;34
A101;34
Metro;34
Migros;35
MacroCenter;35
Carrefour;35
A101;35
Bim;35
Bim;36
A101;36
MacroCenter;36
Tesco;36
Carrefour;36
MacroCenter;37
Metro;37
Bim;37
Sok;37
Migros;37
Migros;38
Bim;38
A101;38
MacroCenter;38
Metro;38
Metro;39
Sok;39
Bim;39
Tedi;39
Carrefour;39
MacroCenter;40
Bizim;40
A101;40
Migros;40
Sok;40
Bim;41
Sok;41
Tesco;41
Metro;41
Tedi;41
Metro;42
Migros;42
MacroCenter;42
Sok;42
Bizim;42
Metro;43
MacroCenter;43
Tesco;43
Bizim;43
Tedi;43
Metro;44
Bim;44
MacroCenter;44
Tedi;44
Migros;44
A101;45
MacroCenter;45
Sok;45
Tedi;45
Tesco;45
MacroCenter;46
Carrefour;46
Tesco;46
Bizim;46
Migros;46
A101;47
Metro;47
Migros;47
Carrefour;47
Bim;47
MacroCenter;48
Carrefour;48
Migros;48
Metro;48
Tedi;48
Metro;49
Sok;49
Tesco;49
Migros;49
MacroCenter;49
A101;50
Tedi;50
Carrefour;50
Sok;50
MacroCenter;50
MacroCenter;51
Carrefour;51
Tedi;51
A101;51
Metro;51
Bizim;52
Migros;52
A101;52
Bim;52
Carrefour;52
A101;53
Tedi;53
Bizim;53
Tesco;53
Migros;53
Bizim;54
Metro;54
Carrefour;54
MacroCenter;54
Tedi;54
Sok;55
Metro;55
Bizim;55
A101;55
Tedi;55
A101;56
Bim;56
Migros;56
Tesco;56
MacroCenter;56
Bizim;57
Migros;57
Tedi;57
Sok;57
Metro;57
Sok;58
Bim;58
Bizim;58
MacroCenter;58
A101;58
Sok;59
Migros;59
Bim;59
Carrefour;59
Bizim;59
Migros;60
Tesco;60
Bizim;60
Carrefour;60
Tedi;60
Tedi;61
Carrefour;61
Bim;61
A101;61
Sok;61
Tedi;62
Carrefour;62
Migros;62
Bim;62
A101;62
Migros;63
Bim;63
Carrefour;63
Bizim;63
Tesco;63
Tesco;64
Bizim;64
Metro;64
Bim;64
Tedi;64
Tedi;65
Sok;65
MacroCenter;65
Migros;65
Carrefour;65
Tesco;66
Metro;66
Tedi;66
A101;66
MacroCenter;66
Migros;67
MacroCenter;67
Metro;67
Bim;67
Tedi;67
Bizim;68
Tesco;68
A101;68
Bim;68
Carrefour;68
Metro;69
A101;69
Sok;69
MacroCenter;69
Carrefour;69
Sok;70
Bizim;70
Metro;70
Bim;70
MacroCenter;70
Tesco;71
Sok;71
Tedi;71
MacroCenter;71
Migros;71
Tedi;72
Carrefour;72
Tesco;72
Sok;72
MacroCenter;72
Tesco;73
Carrefour;73
Tedi;73
A101;73
MacroCenter;73
Metro;74
Sok;74
Tesco;74
Carrefour;74
Bizim;74
Bim;75
Migros;75
Sok;75
Metro;75
Bizim;75
Tedi;76
MacroCenter;76
Migros;76
Tesco;76
A101;76
Carrefour;77
Bizim;77
Bim;77
Tesco;77
MacroCenter;77
MacroCenter;78
Bizim;78
Sok;78
Tedi;78
Migros;78
Tesco;79
MacroCenter;79
Bim;79
Migros;79
Tedi;79
Carrefour;80
Tedi;80
MacroCenter;80
A101;80
Migros;80
Sok;81
Metro;81
Tesco;81
MacroCenter;81
A101;81
